V1,V2,V3,V4,V5,V6,V7,V8,V9,V10,V11,V12,V13,V14,V15,V16,V17,V18,V19,V20,V21,V22,V23,V24,V25,V26,V27,V28,V29
100,1e-6,1e-4,1e-6,259.196,259.196,259.196,259.196,259.196,118.7837666273117,100.70247519761324,91.780428243801,86.93806249648333,60.63558409921825,100,1e-6,1e-4,1e-6,259.196,259.196,259.196,259.196,259.196,118.7837666273117,100.70247519761324,91.780428243801,86.93806249648333,60.63558409921825,2e64
100,1e-6,1e-4,1e-5,259.196,259.196,259.196,259.196,259.196,41.952416840940714,83.76337948255241,111.72208953648806,0.820445017889142,49.84483717940748,100,1e-6,1e-4,1e-5,259.196,259.196,259.196,259.196,259.196,41.952416840940714,83.76337948255241,111.72208953648806,0.820445017889142,49.84483717940748,2e64
100,1e-6,1e-4,1e-4,259.196,259.196,259.196,259.196,259.196,116.5522070042789,88.50967993028462,16.264564963057637,9.084265613928437,51.666424395516515,642.2122925991799,0.003425445867808795,1.715505576215564e-4,0.03952727926037511,1369.570643073814,1054.1217675789194,806.3182986391314,659.9130867670503,597.7080609345292,396.3361856881203,421.6996007716322,441.8988914908855,424.31893229125143,359.1836177655016,22071.12677217948
100,1e-6,0.001,1e-6,259.196,259.196,259.196,259.196,259.196,78.59456584788859,107.99018075689673,119.34160659089684,71.12839051522315,32.183640226721764,1308.7649464642657,0.0020878658508436164,1.702838228761817e-4,0.012444826135387927,724.2017843849386,603.5364275468393,523.5418774515738,496.58808581209905,508.48411618611914,378.3708512454522,379.83519946119264,360.55669278676294,301.8429397444885,221.04692052476696,18989.09182493953
100,1e-6,0.001,1e-5,259.196,259.196,259.196,259.196,259.196,60.26318675838411,29.714211551472545,35.65562236122787,67.39703678525984,64.71811129711568,100,1e-6,0.001,1e-5,259.196,259.196,259.196,259.196,259.196,60.26318675838411,29.714211551472545,35.65562236122787,67.39703678525984,64.71811129711568,2e64
100,1e-6,0.001,1e-4,259.196,259.196,259.196,259.196,259.196,19.890748746693134,15.636646142229438,14.479730185121298,7.4297496769577265,8.573509762063622,100,1e-6,0.001,1e-4,259.196,259.196,259.196,259.196,259.196,19.890748746693134,15.636646142229438,14.479730185121298,7.4297496769577265,8.573509762063622,2e64
100,1e-6,0.01,1e-6,259.196,259.196,259.196,259.196,259.196,62.55264736711979,38.94886518828571,81.237621596083045,82.91968138888478,29.302763175219297,100,1e-6,0.01,1e-6,259.196,259.196,259.196,259.196,259.196,62.55264736711979,38.94886518828571,81.237621596083045,82.91968138888478,29.302763175219297,2e64
100,1e-6,0.01,1e-5,259.196,259.196,259.196,259.196,259.196,6.831189561635256,67.05106409266591,99.76761859841645,63.04984414950013,9.317998671904206,360.3300924360821,3.909148601852054e-6,4.309404976614499e-4,0,2087.9565591977257,1496.4864438750649,1121.771625187583,900.0182685249542,717.6506453931858,504.86287023585714,589.5474353089023,606.5582760555487,534.1670454878877,468.4818887791436,22525.442514294158
100,1e-6,0.01,1e-4,259.196,259.196,259.196,259.196,259.196,16.878650402650237,66.75320520065725,33.9952380862087,107.60444968007505,61.643489096313715,360.96274458765373,5.567904320457702e-6,6.208455523593539e-4,0,2124.1034754943294,1560.8742585006967,1209.7913653063822,912.8780552974193,759.0088080222764,492.6849116326099,555.6205561775342,542.880945955423,543.5793067754871,449.34402098568063,20587.720060816955
100,1e-5,1e-4,1e-6,259.196,259.196,259.196,259.196,259.196,71.81349797174335,26.32760058157146,8.936188034713268,11.114816721528769,37.610184559598565,574.7179253248596,0.003292476430951233,1.7148890708741695e-4,0.042031575110485976,1518.4884955270013,1157.514353146074,870.9638392068239,696.8241635253295,617.156954032115,398.05118809893764,426.61730494477547,452.5458256320642,442.8726704511123,383.2532574666802,22562.06777683885
100,1e-5,1e-4,1e-5,259.196,259.196,259.196,259.196,259.196,58.91097427345812,95.80683175474405,77.60403625667095,115.19758477807045,53.371007703244686,686.4629871604996,0.002972579408363851,1.7132040924247016e-4,0.038492080845285555,1288.699526076447,997.5989313462338,770.5002790622918,638.0937649228862,582.9863112365897,394.8704490464342,418.4123824153877,435.2764038953849,413.87780680347544,347.0519882724921,21848.007203648995
100,1e-5,1e-4,1e-4,259.196,259.196,259.196,259.196,259.196,105.29876531101763,107.40672122687101,45.00009044073522,100.9846115950495,6.516071856021881,2355.446979662298,0.03932088415608364,1.5087314830966258e-4,0.032665385306951344,454.2426456075844,416.63047096555846,409.94726407898975,439.2547924849925,494.3864668185543,346.7937621917069,322.09382332653473,271.00984864182396,193.84038444614308,116.05101223218234,14534.430150946331
100,1e-5,0.001,1e-6,259.196,259.196,259.196,259.196,259.196,99.30110860615969,44.37334614805877,30.304618114605546,7.943477528169751,6.105470834299922,1190.7350031274345,0.002168921480711073,1.7033631835723957e-4,0.014332543053515327,786.0848497384776,646.727982769125,550.6061304496457,512.0692860117825,516.789947861242,381.36132353091045,386.57483950240487,372.7430331322242,319.1036867264048,238.03241192515182,19417.6141242686
100,1e-5,0.001,1e-5,259.196,259.196,259.196,259.196,259.196,77.7998994011432,3.56148443184793,60.50478659570217,56.17637872695923,115.49045325256884,100,1e-5,0.001,1e-5,259.196,259.196,259.196,259.196,259.196,77.7998994011432,3.56148443184793,60.50478659570217,56.17637872695923,115.49045325256884,2e64
100,1e-5,0.001,1e-4,259.196,259.196,259.196,259.196,259.196,96.2066762521863,61.37873025611043,34.07621333375573,96.50063216686249,118.71999523602426,100,1e-5,0.001,1e-4,259.196,259.196,259.196,259.196,259.196,96.2066762521863,61.37873025611043,34.07621333375573,96.50063216686249,118.71999523602426,2e64
100,1e-5,0.01,1e-6,259.196,259.196,259.196,259.196,259.196,1.4424708019942045,3.1638223864138126,118.01251731812954,62.87588979117572,116.03221205994487,362.56810238111484,3.9314145069426405e-7,1.878957868664218e-4,0,2464.008564090409,1799.7049120509391,1230.9207183604694,829.896208797768,588.3021397921012,391.325930720062,432.1317082177247,489.6925929221781,542.8503329705773,561.3566958352003,23615.79931356091
100,1e-5,0.01,1e-5,259.196,259.196,259.196,259.196,259.196,119.10816536284983,62.29237278923392,3.7271097488701344,56.31716586649418,60.70369544439018,100,1e-5,0.01,1e-5,259.196,259.196,259.196,259.196,259.196,119.10816536284983,62.29237278923392,3.7271097488701344,56.31716586649418,60.70369544439018,2e64
100,1e-5,0.01,1e-4,259.196,259.196,259.196,259.196,259.196,106.50281581096351,24.605218106880784,47.746548503637314,52.481289859861135,63.94297110848129,100,1e-5,0.01,1e-4,259.196,259.196,259.196,259.196,259.196,106.50281581096351,24.605218106880784,47.746548503637314,52.481289859861135,63.94297110848129,2e64
100,1e-4,1e-4,1e-6,259.196,259.196,259.196,259.196,259.196,21.245307382196188,27.057554041966796,74.40877860412002,40.51478477194905,35.932630905881524,100,1e-4,1e-4,1e-6,259.196,259.196,259.196,259.196,259.196,21.245307382196188,27.057554041966796,74.40877860412002,40.51478477194905,35.932630905881524,2e64
100,1e-4,1e-4,1e-5,259.196,259.196,259.196,259.196,259.196,86.35088528506458,94.77565462701023,40.91555753722787,1.8846773821860552,2.217373698949814,100,1e-4,1e-4,1e-5,259.196,259.196,259.196,259.196,259.196,86.35088528506458,94.77565462701023,40.91555753722787,1.8846773821860552,2.217373698949814,2e64
100,1e-4,1e-4,1e-4,259.196,259.196,259.196,259.196,259.196,70.57001139968634,110.9302594140172,40.706562269479036,71.0765977576375,81.908296700567,441.5330469446512,0.05452689371115494,1.721349968826623e-4,0.040337669726485136,1939.5400995648943,1449.7517018329456,1055.502583625555,809.3291613891057,694.5987866726024,403.17744832336825,438.5183269804567,476.35921544310446,481.28692248322136,425.70021970347466,23361.394341027582
100,1e-4,0.001,1e-6,259.196,259.196,259.196,259.196,259.196,71.90905286930501,52.91965954005718,17.182769514620304,52.26147148758173,41.07535868883133,100,1e-4,0.001,1e-6,259.196,259.196,259.196,259.196,259.196,71.90905286930501,52.91965954005718,17.182769514620304,52.26147148758173,41.07535868883133,2e64
100,1e-4,0.001,1e-5,259.196,259.196,259.196,259.196,259.196,50.5899744015187,105.41881953366101,50.245950194075704,85.38066937588155,101.7773933429271,100,1e-4,0.001,1e-5,259.196,259.196,259.196,259.196,259.196,50.5899744015187,105.41881953366101,50.245950194075704,85.38066937588155,101.7773933429271,2e64
100,1e-4,0.001,1e-4,259.196,259.196,259.196,259.196,259.196,84.69751409254968,97.35857343301177,54.020474664866924,47.70239230245352,52.66066024079919,100,1e-4,0.001,1e-4,259.196,259.196,259.196,259.196,259.196,84.69751409254968,97.35857343301177,54.020474664866924,47.70239230245352,52.66066024079919,2e64
100,1e-4,0.01,1e-6,259.196,259.196,259.196,259.196,259.196,111.90279794856906,108.13718581572175,77.94200336560607,42.74802644737065,49.11615357734263,100,1e-4,0.01,1e-6,259.196,259.196,259.196,259.196,259.196,111.90279794856906,108.13718581572175,77.94200336560607,42.74802644737065,49.11615357734263,2e64
100,1e-4,0.01,1e-5,259.196,259.196,259.196,259.196,259.196,31.580833224579692,8.369583925232291,52.67729320563376,54.48912656866014,70.55129363201559,100,1e-4,0.01,1e-5,259.196,259.196,259.196,259.196,259.196,31.580833224579692,8.369583925232291,52.67729320563376,54.48912656866014,70.55129363201559,2e64
100,1e-4,0.01,1e-4,259.196,259.196,259.196,259.196,259.196,48.44571987167001,35.35618501715362,34.23490307293832,0.9006876591593027,102.42187958210707,100,1e-4,0.01,1e-4,259.196,259.196,259.196,259.196,259.196,48.44571987167001,35.35618501715362,34.23490307293832,0.9006876591593027,102.42187958210707,2e64
1000,1e-6,1e-4,1e-6,259.196,259.196,259.196,259.196,259.196,26.668227268382907,0.6681475415825844,60.139151802286506,31.55011679045856,55.55867373012006,1000,1e-6,1e-4,1e-6,259.196,259.196,259.196,259.196,259.196,26.668227268382907,0.6681475415825844,60.139151802286506,31.55011679045856,55.55867373012006,2e64
1000,1e-6,1e-4,1e-5,259.196,259.196,259.196,259.196,259.196,70.78263128176332,12.655366407707334,21.124637704342604,69.31509361602366,59.28250498138368,1401.6174283082162,3.1376308938306166e-6,2.5082341943771883e-4,0,663.5917158539801,549.6958645765028,454.0701137402486,391.1906541012322,361.46013418928237,405.9030896577127,394.7516040791596,372.73883399487727,325.2859668712824,251.93134340069835,17430.32133426483
1000,1e-6,1e-4,1e-4,259.196,259.196,259.196,259.196,259.196,56.17852399125695,50.48608328215778,111.12353981472552,24.696361273527145,41.42491187900305,2377.4793717946786,6.979158406833327e-6,2.791193232899018e-4,0,422.41693814877533,376.2065215309096,344.5308021220844,331.14986386098127,334.34945680445367,386.8326931983432,354.69394287118524,302.13195763053477,229.30719867817388,151.23306414192987,16821.360942559568
1000,1e-6,0.001,1e-6,259.196,259.196,259.196,259.196,259.196,60.88958493433893,32.93397196568549,115.72000455111265,103.85601354762912,63.203578032553196,2435.364642260562,5.559457945526686e-6,2.184646608759563e-4,0,417.7559857958538,365.5987146031814,328.0671050604384,311.68994840668194,315.788975769487,371.402067206397,348.0042787936656,307.8300133230074,244.46319053988722,166.50051782278365,13244.225999512766
1000,1e-6,0.001,1e-5,259.196,259.196,259.196,259.196,259.196,63.97484268061817,106.94178909994662,107.7156422752887,60.59014605358243,6.045614657923579,1000,1e-6,0.001,1e-5,259.196,259.196,259.196,259.196,259.196,63.97484268061817,106.94178909994662,107.7156422752887,60.59014605358243,6.045614657923579,2e64
1000,1e-6,0.001,1e-4,259.196,259.196,259.196,259.196,259.196,89.438191736117,45.11118815280497,78.60957060009241,82.53906310535967,41.782011771574616,2033.334642715096,1.0863560230377913e-5,3.353067200674564e-4,0,478.7209242275477,422.85944160265973,385.63983605807414,369.8729327996163,369.6662068490853,397.7787541863647,370.80693541312866,319.7198430491464,242.92707996670845,160.36218966338504,14530.122397331184
1000,1e-6,0.01,1e-6,259.196,259.196,259.196,259.196,259.196,41.27263845875859,71.86723337508738,40.348286060616374,64.12751214578748,110.78477681614459,1329.6037844271643,2.0577327691393802e-5,0.0018555269386979687,0,629.7065330044369,555.3740880438968,530.6997184248746,525.1286334561432,474.9941106328571,561.3444053079717,539.6281592648144,437.6772742952672,321.6187483523941,699.0512206662738,223189.11821708136
1000,1e-6,0.01,1e-5,259.196,259.196,259.196,259.196,259.196,57.36817943863571,34.94743488729,1.7593184486031532,115.19052562303841,117.93049212545156,1363.0671565626747,2.5157618101394235e-5,7.511930183814937e-4,0,670.9107220718423,572.263746918919,506.89048526499585,483.26592638625056,486.7787432598911,416.1399928457668,405.68389961946133,367.6935163630484,287.01719007182203,186.41178092677194,12723.838151633867
1000,1e-6,0.01,1e-4,259.196,259.196,259.196,259.196,259.196,101.4716624468565,113.83781153708696,76.15042347460985,8.492130422964692,27.08069977350533,1656.5289375566447,9.349618940583829e-5,0.00512773398209304,2.4230058973262163e-5,621.7276337001377,549.4602999630139,510.35303460397887,513.5571935905989,550.9940795497675,387.00220444188153,369.87664682349345,325.4022527614725,243.80951303738811,146.3613614570132,10246.00302581776
1000,1e-5,1e-4,1e-6,259.196,259.196,259.196,259.196,259.196,38.181884279474616,44.872492142021656,111.05312593281269,45.82556244917214,102.49053108505905,1697.3421615132622,5.409503420676103e-7,2.2059581658626304e-4,0,550.6208074391419,452.67229537838074,382.5576532544251,337.80390085653374,321.71400678519996,416.8924841184182,410.12763272936746,371.5748960595685,312.8807773442759,234.41607296403652,23243.973743886403
1000,1e-5,1e-4,1e-5,259.196,259.196,259.196,259.196,259.196,85.21773632615805,25.526786595582962,3.142177350819111,64.59213017486036,61.21426999568939,1462.366060656025,6.020377277145292e-7,2.456876226740364e-4,0,608.3476024702106,509.26454032395793,423.2038677596697,368.2893367890043,341.8592552401321,451.95443869498126,426.85106346175155,393.27577370333125,330.6185208118222,252.57663052322468,28807.916140201214
1000,1e-5,1e-4,1e-4,259.196,259.196,259.196,259.196,259.196,93.142673028633,54.504092037677765,7.805693373084068,10.016160104423761,65.40149861946702,2173.497518246947,6.558325722622124e-6,2.56586236196764e-4,0,459.6763601728947,400.2492741723488,356.8077968040011,337.00478205883775,336.38049917765807,378.970561398127,357.36911593353847,317.6895900699885,249.12352499374717,169.68976922811103,14409.375013740048
1000,1e-5,0.001,1e-6,259.196,259.196,259.196,259.196,259.196,51.53535928577185,74.1434765048325,67.69527479074895,113.53208388201892,90.62070052139461,1656.525867368662,9.349947765963646e-5,0.005128278288242442,2.4233047464447313e-5,621.7342172274974,549.4659695576524,510.35786188427755,513.5613209402882,550.9978600121333,387.00015772978486,369.87495413747934,325.4012178115429,243.80944898791512,146.3619482857233,10246.003026629094
1000,1e-5,0.001,1e-5,259.196,259.196,259.196,259.196,259.196,83.58445700258017,106.00133573636413,23.641205057501793,0.1559742819517851,68.67531845346093,1000,1e-5,0.001,1e-5,259.196,259.196,259.196,259.196,259.196,83.58445700258017,106.00133573636413,23.641205057501793,0.1559742819517851,68.67531845346093,2e64
1000,1e-5,0.001,1e-4,259.196,259.196,259.196,259.196,259.196,58.944883262738585,52.52547140233219,44.0118467900902,75.24892173707485,115.62185849994421,1656.5288872868148,9.349884199455025e-5,0.005128077074828106,2.4232307399837184e-5,621.7310682290771,549.4632865610375,510.35562936248414,513.5594677374851,550.9962366704623,387.0007867442891,369.8754426091426,325.40142854653374,243.80929348379317,146.36159978396842,10246.00302418269
1000,1e-5,0.01,1e-6,259.196,259.196,259.196,259.196,259.196,47.164897760376334,115.99905445240438,23.423297200351954,118.39944113977253,88.0882235057652,1000,1e-5,0.01,1e-6,259.196,259.196,259.196,259.196,259.196,47.164897760376334,115.99905445240438,23.423297200351954,118.39944113977253,88.0882235057652,2e64
1000,1e-5,0.01,1e-5,259.196,259.196,259.196,259.196,259.196,20.361033584922552,62.63202301226556,7.843305487185717,52.786697801202536,87.82559618353844,1000,1e-5,0.01,1e-5,259.196,259.196,259.196,259.196,259.196,20.361033584922552,62.63202301226556,7.843305487185717,52.786697801202536,87.82559618353844,2e64
1000,1e-5,0.01,1e-4,259.196,259.196,259.196,259.196,259.196,12.721019061282277,28.642505099996924,20.28169677592814,50.74101400561631,48.65475702099502,1656.5307052860505,9.349788675271825e-5,0.005127906597142891,2.423137048070808e-5,621.7287270551814,549.4613041710771,510.353970265539,513.5580788232912,550.994986715253,387.0014036201551,369.8759254507543,325.4016859346056,243.80922664817865,146.36134770920006,10246.003024126434
1000,1e-4,1e-4,1e-6,259.196,259.196,259.196,259.196,259.196,45.98003444261849,8.51266236975789,14.373579947277904,109.59960890002549,111.14639488980174,1826.271443197974,1.123512869254163e-6,1.691633053302167e-4,0,543.8082861417022,435.51521701739665,354.69548005001485,313.06759586396595,305.6694158211312,361.02403001217425,374.6353929684523,373.70922862119295,331.67037877895035,247.50540356481667,16964.74914523117
1000,1e-4,1e-4,1e-5,259.196,259.196,259.196,259.196,259.196,39.267608346417546,86.41870457679033,54.938567373901606,71.56837650574744,59.10111232660711,1891.1497376286256,0,1.6566880934065057e-4,0.007501542862748218,529.5358040919251,421.2964507392805,341.21372656026807,300.9004616112702,295.49774415563076,358.5057907083383,373.2354331268219,373.80934889290916,332.95323887784645,248.66900920469405,17866.965425433096
1000,1e-4,1e-4,1e-4,259.196,259.196,259.196,259.196,259.196,66.14298412576318,5.6940988171845675,64.10469207912683,17.67005419358611,87.9448604118079,1865.3441117400369,0,1.6579522899692463e-4,0.005442391490730208,535.9384692839465,425.8902035597926,344.1937074184599,302.6486844173205,296.4609601060666,359.08909574303453,374.1128135449301,375.29403143225034,335.26624543542204,251.27906737339194,17954.16621738296
1000,1e-4,0.001,1e-6,259.196,259.196,259.196,259.196,259.196,88.82093399763107,79.01065327227116,93.76844552345574,85.04742739722133,55.396184138953686,1656.524477550283,9.349900218599854e-5,0.00512830492765447,2.4232726854240487e-5,621.7350783333185,549.4667009853215,510.3584681338217,513.5618034335314,550.9982433967772,387.0001778500859,369.87500199416405,325.40129541405724,243.80956816432067,146.36204918219104,10246.003027467907
1000,1e-4,0.001,1e-5,259.196,259.196,259.196,259.196,259.196,29.735512286424637,101.46238803863525,62.782176565378904,45.471636448055506,114.81095655821264,1656.5275934556737,9.349831232991538e-5,0.005128080854402314,2.4231922602398845e-5,621.7316374870495,549.4637422789342,510.35600628483894,513.5597546269952,550.9964418184237,387.00088127980194,369.8755793752895,325.40155435764405,243.80941898119775,146.36168786150537,10246.003024187828
1000,1e-4,0.001,1e-4,259.196,259.196,259.196,259.196,259.196,99.33974029496312,21.9389979634434,49.05158498324454,17.945575285702944,7.0245597045868635,1000,1e-4,0.001,1e-4,259.196,259.196,259.196,259.196,259.196,99.33974029496312,21.9389979634434,49.05158498324454,17.945575285702944,7.0245597045868635,2e64
1000,1e-4,0.01,1e-6,259.196,259.196,259.196,259.196,259.196,110.42296201922,108.92681694589555,30.99484800361097,20.188793493434787,31.404920546337962,1656.528785356822,9.349647569618271e-5,0.005127797729018896,2.423029797207679e-5,621.7283576634858,549.4609441544209,510.35360022659654,513.5576806623595,550.9945270454947,387.0019882356184,369.87645430399743,325.40211664845043,243.809489745665,146.3614082752034,10246.00302496253
1000,1e-4,0.01,1e-5,259.196,259.196,259.196,259.196,259.196,18.9315277710557,78.7337291892618,6.114220647141337,31.6193425655365,68.46632634289563,1656.5283956750645,9.349834927783996e-5,0.005128060411919006,2.4231900978892295e-5,621.7311310808806,549.4633473439641,510.35568122413673,513.5594953999712,550.9962280580577,387.000934452411,369.87557317337735,325.4015260169742,243.8093532355506,146.36161522461444,10246.003024059362
1000,1e-4,0.01,1e-4,259.196,259.196,259.196,259.196,259.196,54.1490497905761,110.0853889156133,23.78360596485436,18.39897363446653,0.8304143697023392,1000,1e-4,0.01,1e-4,259.196,259.196,259.196,259.196,259.196,54.1490497905761,110.0853889156133,23.78360596485436,18.39897363446653,0.8304143697023392,2e64
10000,1e-6,1e-4,1e-6,259.196,259.196,259.196,259.196,259.196,16.31769558414817,85.12597298249602,102.77127217501402,113.1791187543422,1.1978608556091785,4158.971246179834,0,1.4653289820526155e-4,0.05304634444141118,267.13657320672536,237.5613184495029,225.00276179707546,233.53480012435017,260.0560259432967,336.16102541814155,319.58210339299006,277.7180235356379,204.78615470598393,121.76917693369103,13838.11125666838
10000,1e-6,1e-4,1e-5,259.196,259.196,259.196,259.196,259.196,58.144777826964855,24.382054321467876,30.77158427797258,83.68139139376581,63.936708150431514,3823.821297182967,3.964691832493269e-6,1.7238732256105572e-4,0,293.0728241374865,266.7898412599831,252.49203634662769,256.9554428260323,278.680040957714,334.79158640477823,304.27353022688635,260.23105569318614,193.666411161022,118.25181788598738,13211.110163415462
10000,1e-6,1e-4,1e-4,259.196,259.196,259.196,259.196,259.196,17.60466425679624,71.91704875789583,107.71399925462902,80.11021390557289,37.24349065683782,4171.68638150152,0,1.464139208279296e-4,0.01288697117457362,266.47306034319007,237.09890050971129,224.70640051821482,233.36352022061456,259.9687167261209,336.0304172415949,319.3023955091179,277.3074585348949,204.31594128964656,121.37464554597659,13838.227864752336
10000,1e-6,0.001,1e-6,259.196,259.196,259.196,259.196,259.196,8.947527492418885,69.16282419115305,18.29397520981729,71.54918977059424,104.90781390108168,10000,1e-6,0.001,1e-6,259.196,259.196,259.196,259.196,259.196,8.947527492418885,69.16282419115305,18.29397520981729,71.54918977059424,104.90781390108168,2e64
10000,1e-6,0.001,1e-5,259.196,259.196,259.196,259.196,259.196,114.6022211574018,105.29251486994326,107.02761115506291,73.72674546204507,25.457030721008778,3862.9262320838898,3.5532077209850754e-6,1.6453604210201568e-4,0,286.63393831131737,259.9659638062373,247.63454013360123,253.5221657892571,276.0317184354669,342.07808370314933,314.8857040248144,266.8146779134144,196.30631527728565,119.12997690389808,13156.560335745318
10000,1e-6,0.001,1e-4,259.196,259.196,259.196,259.196,259.196,113.03055035881698,8.15239755436778,41.63824173621833,83.73975779861212,77.95705678872764,7115.533142485624,0,1.1781762433509121e-4,0,173.20169349245504,173.87625511862217,184.4882586302984,210.08353322159311,248.19085353376684,322.11848261509914,266.1285190961119,203.59806948069212,129.68247066603035,66.07360069622773,19457.907603325606
10000,1e-6,0.01,1e-6,259.196,259.196,259.196,259.196,259.196,67.68011522479355,47.70726450718939,68.41416768729687,13.295586090534925,99.25436927005649,10000,1e-6,0.01,1e-6,259.196,259.196,259.196,259.196,259.196,67.68011522479355,47.70726450718939,68.41416768729687,13.295586090534925,99.25436927005649,2e64
10000,1e-6,0.01,1e-5,259.196,259.196,259.196,259.196,259.196,8.703235136345029,44.85747096128762,27.608157293871045,71.41276203095913,8.842389425262809,3219.330662229451,7.271469440806389e-6,1.8957710425027732e-4,0,336.0285596748513,303.09700851230446,284.3736017774634,283.99265828831165,299.8666607619165,348.23909659214667,321.3149658338033,275.1302626824444,206.56377435715774,130.35443492814855,12409.700856436466
10000,1e-6,0.01,1e-4,259.196,259.196,259.196,259.196,259.196,112.04966560006142,107.0718498621136,14.295752914622426,48.600629987195134,101.57778203487396,2268.200361227507,1.9055715229067337e-5,3.264466721613655e-4,0,441.9800401481454,398.0102658601975,373.6207178358536,370.2150140830724,379.79494268613155,380.55738859929147,351.6175631039507,298.271990980451,220.5441539977921,139.5523881969265,11706.511729696778
10000,1e-5,1e-4,1e-6,259.196,259.196,259.196,259.196,259.196,114.41218069754541,57.39905247464776,102.41219814866781,90.93659690581262,99.35139320790768,10000,1e-5,1e-4,1e-6,259.196,259.196,259.196,259.196,259.196,114.41218069754541,57.39905247464776,102.41219814866781,90.93659690581262,99.35139320790768,2e64
10000,1e-5,1e-4,1e-5,259.196,259.196,259.196,259.196,259.196,68.54549420066178,30.361549481749535,34.227112932130694,11.197997778654099,11.369691286236048,4204.036617771325,0,1.4616383738168845e-4,0.011341258887589035,264.80021378463476,235.95121266057282,223.9813505779906,232.946455786995,259.7556231676738,335.7249259496281,318.55844468120074,276.19965786875787,203.07566982582526,120.36396293410445,13839.618979001794
10000,1e-5,1e-4,1e-4,259.196,259.196,259.196,259.196,259.196,101.6176382638514,36.036327034235,44.27892400883138,104.03611564077437,101.69764654710889,10000,1e-5,1e-4,1e-4,259.196,259.196,259.196,259.196,259.196,101.6176382638514,36.036327034235,44.27892400883138,104.03611564077437,101.69764654710889,2e64
10000,1e-5,0.001,1e-6,259.196,259.196,259.196,259.196,259.196,93.07531627826393,45.865391129627824,97.23093749955297,33.93070396967232,14.828245723620057,5948.496443923664,0,1.20094616823508e-4,0,196.97067071038194,187.4556733434053,193.24180153847198,215.34465310946646,250.67613411741848,332.52758953122833,300.19813820280245,238.10797766338482,156.69733065177485,82.91394748001795,16337.474059720062
10000,1e-5,0.001,1e-5,259.196,259.196,259.196,259.196,259.196,67.26866173557937,16.371708707883954,104.91396948695183,78.62251276150346,12.028483087196946,3584.120866006923,5.027139381988253e-6,1.729395498034426e-4,0,306.7373071311171,277.9829655212222,262.16683930740777,265.05532013593813,284.89771146452597,342.86886001029916,314.2517906305852,269.36243174111763,201.14387483294723,124.13306375077964,12820.424921091446
10000,1e-5,0.001,1e-4,259.196,259.196,259.196,259.196,259.196,74.22572116367519,4.728223085403442,46.88934439793229,112.18632171861827,67.20505638979375,6308.482689019764,0,1.2555020705872687e-4,0,191.45392017062068,185.49448836376445,191.72128963642197,214.29719857486134,250.34005213780628,320.54011912606416,278.59587609948136,220.81256369875103,145.2002134383643,76.24144979136216,16938.6876879925
10000,1e-5,0.01,1e-6,259.196,259.196,259.196,259.196,259.196,112.07650258205831,38.034800039604306,49.44796169176698,72.20837054774165,74.72102623432875,2312.776183110001,1.7382742726705822e-5,3.071402047596294e-4,0,434.73219231892296,391.8788480416261,367.2494471206289,362.74461667832065,371.45451654564323,379.67148534082236,349.61019655151364,296.65086065685915,220.38528974747518,140.43370418559402,11708.053284489823
10000,1e-5,0.01,1e-5,259.196,259.196,259.196,259.196,259.196,34.922319520264864,82.81538302078843,8.894897494465113,52.92082764208317,105.00211872160435,2309.1949234118833,1.7900731069714973e-5,3.1083421387198296e-4,0,435.889531758949,392.65925733749003,368.2605434796386,364.259138897116,373.35491487435445,378.7484359971642,349.5388975039101,296.641045081287,219.9963014893153,139.83961612528321,11705.74133203741
10000,1e-5,0.01,1e-4,259.196,259.196,259.196,259.196,259.196,24.9161759018898,47.982020722702146,92.57724883966148,84.83934665098786,82.53527694381773,2741.2984152558893,9.540185922167886e-6,2.1811134703690884e-4,0,381.88855217925203,342.12540313083406,317.32594905520324,311.4918618157327,321.7572915180104,360.45230062143906,333.76573931247543,287.6469780014314,218.73107802129465,141.69471097910838,12059.050581295389
10000,1e-4,1e-4,1e-6,259.196,259.196,259.196,259.196,259.196,8.056827010586858,43.99645705707371,72.05086324363947,47.911995984613895,70.8752784691751,4137.950907392502,0,1.468999591826533e-4,0.0025224370721957812,268.5200815319948,238.5543397260916,225.56362740334157,233.84470717526497,260.2173046883034,335.6988545198048,319.35682451164485,278.17843151988575,205.50571477791993,122.39918715679359,13838.676091554129
10000,1e-4,1e-4,1e-5,259.196,259.196,259.196,259.196,259.196,108.72159233316779,88.21264514699578,114.97183366678655,15.147889126092196,0.36487413570284843,10000,1e-4,1e-4,1e-5,259.196,259.196,259.196,259.196,259.196,108.72159233316779,88.21264514699578,114.97183366678655,15.147889126092196,0.36487413570284843,2e64
10000,1e-4,1e-4,1e-4,259.196,259.196,259.196,259.196,259.196,119.53396911732852,25.09103841148317,25.97625651396811,97.19957610592246,76.2972894217819,3161.9427638682096,1.278034131515792e-5,2.181387649537192e-4,0,341.672010863395,315.94094590318025,303.0646043898052,305.9212872227897,321.7157785831138,353.4221611567131,316.68226991103745,262.68679654794056,191.53970414642706,118.5252623522307,12243.931711582956
10000,1e-4,0.001,1e-6,259.196,259.196,259.196,259.196,259.196,89.50138653628528,20.280591789633036,53.33439242094755,3.108638171106577,2.450021468102932,3953.547827606135,4.2738124063950205e-06,1.6204964348137728e-4,0,283.1289668312758,257.8427856839122,246.7257181025764,253.84634303106893,277.0156034028524,337.0627910664325,310.02121695569673,262.5997531941794,191.88769078295644,115.56187661730203,13129.290798086686
10000,1e-4,0.001,1e-5,259.196,259.196,259.196,259.196,259.196,81.77924981340766,55.198449762538075,93.869803911075,44.973965333774686,119.28120374679565,10000,1e-4,0.001,1e-5,259.196,259.196,259.196,259.196,259.196,81.77924981340766,55.198449762538075,93.869803911075,44.973965333774686,119.28120374679565,2e64
10000,1e-4,0.001,1e-4,259.196,259.196,259.196,259.196,259.196,24.656285690143704,74.67130285687745,44.61929066106677,37.33539984561503,1.2571346573531628,3971.6250187862333,3.893926188813365e-6,1.6050494483123615e-4,0,281.9111971472803,256.08835628405114,244.85421176139917,252.03154018438536,275.48144987252834,336.47824577026626,310.7298169950019,263.66723440681574,192.95739633941486,116.06240585335432,13170.350765584522
10000,1e-4,0.01,1e-6,259.196,259.196,259.196,259.196,259.196,96.10002094879746,84.73226828500628,114.67212963849306,43.969133868813515,92.38651039078832,2607.6951701297853,1.404938425048654e-5,2.5401062691387096e-4,0,396.95667031003137,359.41005467015225,337.8929232203187,334.51611662221035,344.7081993008841,367.24990305822547,336.7850299294538,285.0817655592996,212.25495366861836,135.47153479433192,11800.17894295017
10000,1e-4,0.01,1e-5,259.196,259.196,259.196,259.196,259.196,107.18917918391526,54.23198802396655,43.93327030353248,79.20969447121024,30.66622364334762,2509.5013500906416,1.5680052270047315e-5,2.7327966080424723e-4,0,408.6008994756276,370.1258615848646,348.3881038128189,345.22070577014256,355.14599233771855,371.6006499372349,340.61067417147,287.77707536443404,213.43538590175777,135.77088377635928,11751.304117237067
10000,1e-4,0.01,1e-4,259.196,259.196,259.196,259.196,259.196,118.91859711147845,71.80670304223895,3.334081219509244,65.38730590604246,8.700025118887424,2569.5597099071756,1.4608479735673353e-5,2.607179760126386e-4,0,401.24881480477285,363.4596475530019,341.8282944322908,338.42855388812933,348.4522706913501,369.16198566083585,338.2459760095118,286.07306627784334,212.7872657291123,135.6908222586536,11779.212267753763
